ablation,point_id,feature_modalities,fusion,fusion_attn_mode,similarity_threshold,use_signed_sampling,pair_balance_num,cv_n,cv_log10MAE,cv_log2MAE,cv_RSE,cv_PCC,cv_KCC,cv_selection_score,checkpoints/ablation_path,source_path
modality_ablation,mod_gsh,gsh,attention,cross_qs,0.3,False,10000,102292,0.43707468733146326,1.4519306834104972,0.5161899960941093,0.6955645217417943,0.48455013896834126,0.7880060187944711,checkpoints/ablation/01_modality_ablation/mod_gsh,outputs_code_struct_s_modality_grid/modality_grid__mod_gsh
modality_ablation,mod_gs,gs,attention,cross_qs,0.3,False,10000,102292,0.44356171123152643,1.4734801103563229,0.5386354213110398,0.6792382341188989,0.47502518236496993,0.8578521151834938,checkpoints/ablation/01_modality_ablation/mod_gs,outputs_code_struct_s_modality_grid/modality_grid__mod_gs
modality_ablation,mod_sh,sh,attention,cross_qs,0.3,False,10000,102292,0.4468344070444643,1.4843517705233416,0.5477220966431867,0.6725160989573509,0.46860741416809093,0.8909503540410866,checkpoints/ablation/01_modality_ablation/mod_sh,outputs_code_struct_s_modality_grid/modality_grid__mod_sh
modality_ablation,mod_gh,gh,attention,cross_qs,0.3,False,10000,102292,0.5035933789271925,1.6729009938574981,0.6843739149704132,0.561806092018934,0.3751155003884518,1.4203533164205255,checkpoints/ablation/01_modality_ablation/mod_gh,outputs_code_struct_s_modality_grid/modality_grid__mod_gh
modality_ablation,mod_g,g,attention,cross_qs,0.3,False,10000,102292,0.5013531346462516,1.6654590634412298,0.6776030690321896,0.5678000801054984,0.3759433661992248,1.3993186861686964,checkpoints/ablation/01_modality_ablation/mod_g,outputs_code_struct_s_modality_grid/modality_grid__mod_g
modality_ablation,mod_h,h,attention,cross_qs,0.3,False,10000,102292,0.5143606157577763,1.7086689803893202,0.7041053817072219,0.5439619640129062,0.3629073334869711,1.505905064596665,checkpoints/ablation/01_modality_ablation/mod_h,outputs_code_struct_s_modality_grid/modality_grid__mod_h
pair_balance_bin1,unsigned_bal1000,gsh,attention,cross_qs,0.3,False,1000,102292,0.43585696536581775,1.447885498601058,0.5174162481079769,0.6946824827876568,0.4872234757441962,0.783395788177182,checkpoints/ablation/02_pair_balance_bin1/unsigned_bal1000,outputs_code_struct_s_binsize_grid/binsize_grid__unsigned_bin1p0_bal1000
pair_balance_bin1,unsigned_bal2000,gsh,attention,cross_qs,0.3,False,2000,102292,0.43091494987859236,1.4314684785086755,0.5023332557902824,0.7054549909170094,0.4953913389044743,0.7329554044774743,checkpoints/ablation/02_pair_balance_bin1/unsigned_bal2000,outputs_code_struct_s_binsize_grid/binsize_grid__unsigned_bin1p0_bal2000
pair_balance_bin1,unsigned_bal4000,gsh,attention,cross_qs,0.3,False,4000,102292,0.4318438480774639,1.4345542115327972,0.5092364053993658,0.7005452123886328,0.49382292262401173,0.7494224819195184,checkpoints/ablation/02_pair_balance_bin1/unsigned_bal4000,outputs_code_struct_s_binsize_grid/binsize_grid__unsigned_bin1p0_bal4000
pair_balance_bin1,unsigned_bal8000,gsh,attention,cross_qs,0.3,False,8000,102292,0.4321639973257318,1.4356177243151753,0.5148438274679833,0.6965315301779361,0.48949645366716354,0.7644335679380589,checkpoints/ablation/02_pair_balance_bin1/unsigned_bal8000,outputs_code_struct_s_binsize_grid/binsize_grid__unsigned_bin1p0_bal8000
pair_balance_bin1,unsigned_bal10000,gsh,attention,cross_qs,0.3,False,10000,102292,0.42936299403952055,1.4263129928048384,0.502559376150344,0.7052947070903455,0.49429016577466617,0.7292874960901707,checkpoints/ablation/02_pair_balance_bin1/unsigned_bal10000,outputs_code_struct_s_binsize_grid/binsize_grid__unsigned_bin1p0_bal10000
pair_balance_bin1,unsigned_bal20000,gsh,attention,cross_qs,0.3,False,20000,102292,0.43697076322615863,1.4515854550053497,0.5182191755981951,0.6941043325047072,0.486479470526549,0.7892208275722887,checkpoints/ablation/02_pair_balance_bin1/unsigned_bal20000,outputs_code_struct_s_binsize_grid/binsize_grid__unsigned_bin1p0_bal20000
pair_balance_bin1,signed_bal1000,gsh,attention,cross_qs,0.3,True,1000,102292,0.516571689394477,1.716014008022941,0.7000786735004703,0.5476507340445457,0.358145188613103,1.5102967588657623,checkpoints/ablation/02_pair_balance_bin1/signed_bal1000,outputs_code_struct_s_binsize_grid/binsize_grid__signed_bin1p0_bal1000
pair_balance_bin1,signed_bal2000,gsh,attention,cross_qs,0.3,True,2000,102292,0.49106068296738203,1.6312682790439224,0.636397044484736,0.6029949879686101,0.4064050406519068,1.2582652949081412,checkpoints/ablation/02_pair_balance_bin1/signed_bal2000,outputs_code_struct_s_binsize_grid/binsize_grid__signed_bin1p0_bal2000
pair_balance_bin1,signed_bal4000,gsh,attention,cross_qs,0.3,True,4000,102292,0.47090959358584006,1.5643278090847916,0.5864446999389024,0.6430826541441603,0.4405954924311871,1.0670943624483469,checkpoints/ablation/02_pair_balance_bin1/signed_bal4000,outputs_code_struct_s_binsize_grid/binsize_grid__signed_bin1p0_bal4000
pair_balance_bin1,signed_bal8000,gsh,attention,cross_qs,0.3,True,8000,102292,0.4569277186157434,1.5178810258024251,0.5571495566847818,0.6654700919765053,0.4610925621184623,0.9484679283922393,checkpoints/ablation/02_pair_balance_bin1/signed_bal8000,outputs_code_struct_s_binsize_grid/binsize_grid__signed_bin1p0_bal8000
pair_balance_bin1,signed_bal10000,gsh,attention,cross_qs,0.3,True,10000,102292,0.4441207469619424,1.4753371868552376,0.5339785907324222,0.6826576076391282,0.48145575679365654,0.8452024131548752,checkpoints/ablation/02_pair_balance_bin1/signed_bal10000,outputs_code_struct_s_binsize_grid/binsize_grid__signed_bin1p0_bal10000
pair_balance_bin1,signed_bal20000,gsh,attention,cross_qs,0.3,True,20000,102292,0.43500634139794303,1.4450597869439905,0.5112945042366088,0.6990747426158316,0.49172796454572415,0.7655515840190437,checkpoints/ablation/02_pair_balance_bin1/signed_bal20000,outputs_code_struct_s_binsize_grid/binsize_grid__signed_bin1p0_bal20000
fusion_methods,attn_cross_qg_bal1000,gsh,attention,cross_qg,0.3,False,1000,102292,0.4516500640600521,1.500349036858764,0.5552742730359345,0.6668775951882517,0.46629738634078083,0.9224483283656659,checkpoints/ablation/03_fusion_methods/attn_cross_qg_bal1000,outputs_code_struct_s_sim_bin_qkv/struct_s_grid__sim0p3_bin1p0_cross_qg
fusion_methods,attn_cross_qh_bal1000,gsh,attention,cross_qh,0.3,False,1000,102292,0.4421616251628025,1.4688291251093686,0.5330447432135863,0.6833412447572689,0.4759916983615956,0.8425409252040902,checkpoints/ablation/03_fusion_methods/attn_cross_qh_bal1000,outputs_code_struct_s_sim_bin_qkv/struct_s_grid__sim0p3_bin1p0_cross_qh
fusion_methods,attn_cross_qs_bal1000,gsh,attention,cross_qs,0.3,False,1000,102292,0.43653951832701887,1.4501528904591205,0.5183535128627585,0.6940075555332531,0.4851179747474546,0.7893808730411713,checkpoints/ablation/03_fusion_methods/attn_cross_qs_bal1000,outputs_code_struct_s_sim_bin_qkv/struct_s_grid__sim0p3_bin1p0_cross_qs
fusion_methods,attn_self_gsh_bal1000,gsh,attention,self_gsh,0.3,False,1000,102292,0.44227836594047004,1.4692169295785213,0.5241022400764913,0.689853433653489,0.4789902148159613,0.8244755211855626,checkpoints/ablation/03_fusion_methods/attn_self_gsh_bal1000,outputs_code_struct_s_sim_bin_qkv/struct_s_grid__sim0p3_bin1p0_self_gsh
fusion_methods,attn_self_sgh_bal1000,gsh,attention,self_sgh,0.3,False,1000,102292,0.43631812561897354,1.4494174398022617,0.5227627005675735,0.6908236384435805,0.48770865387585205,0.7936478480504024,checkpoints/ablation/03_fusion_methods/attn_self_sgh_bal1000,outputs_code_struct_s_sim_bin_qkv/struct_s_grid__sim0p3_bin1p0_self_sgh
fusion_methods,concat_gsh_bal10000,gsh,concat,self_gsh,0.3,False,10000,102292,0.4396156997578144,1.4603717439790511,0.5262504937775314,0.6882946362005652,0.47889374127523243,0.819433860280785,checkpoints/ablation/03_fusion_methods/concat_gsh_bal10000,outputs_code_struct_s_concat_ablation/concat_ablation__mod_gsh
fusion_methods,attn_cross_qs_bal10000,gsh,attention,cross_qs,0.3,False,10000,102292,0.42936299403952055,1.4263129928048384,0.502559376150344,0.7052947070903455,0.49429016577466617,0.7292874960901707,checkpoints/ablation/03_fusion_methods/attn_cross_qs_bal10000,outputs_code_struct_s_binsize_grid/binsize_grid__unsigned_bin1p0_bal10000
similarity,sim0p3_bal10000,gsh,attention,cross_qs,0.3,False,10000,102292,0.42936299403952055,1.4263129928048384,0.502559376150344,0.7052947070903455,0.49429016577466617,0.7292874960901707,checkpoints/ablation/04_similarity/sim0p3_bal10000,outputs_code_struct_s_binsize_grid/binsize_grid__unsigned_bin1p0_bal10000
similarity,sim0p7_bal10000,gsh,attention,cross_qs,0.7,False,10000,50063,0.536737912983732,1.7830047527318675,0.779431998960374,0.4696466768110108,0.31781256258866425,1.7749775122925666,checkpoints/ablation/04_similarity/sim0p7_bal10000,outputs_code_struct_s_sim05_07_fusion/sim_bal_fusion__cross_qs_sim0p7_bal10000
seq_encoding,seq_integer,gsh,attention,cross_qs,0.3,False,10000,102292,0.43520730816648817,1.4457273840985592,0.5187209824652952,0.6937427603475982,0.486919811456689,0.7837857947595672,checkpoints/ablation/06_seq_encoding/seq_encoding_grid__seq_integer,outputs_code_struct_s_seq_encoding_grid/seq_encoding_grid__seq_integer
seq_encoding,seq_embedding,gsh,attention,cross_qs,0.3,False,10000,102292,0.4539580145804269,1.5080158825340069,0.5599667319505796,0.6633500343328702,0.461681332078478,0.9429512480732383,checkpoints/ablation/06_seq_encoding/seq_encoding_grid__seq_embedding,outputs_code_struct_s_seq_encoding_grid/seq_encoding_grid__seq_embedding
seq_encoding,seq_onehot,gsh,attention,cross_qs,0.3,False,10000,102292,0.46613770470086235,1.5484759373321035,0.5908923700393732,0.6396152202384079,0.44147219644155816,1.0582808906915107,checkpoints/ablation/06_seq_encoding/seq_encoding_grid__seq_onehot,outputs_code_struct_s_seq_encoding_grid/seq_encoding_grid__seq_onehot
