split,model,fold,n,n_pos,n_neg,accuracy,precision,recall,f1,mcc,auc_roc,auc_pr
cv,CatBoost,1,320,231,89,0.83125,0.8314606741573034,0.961038961038961,0.891566265060241,0.5489344216442779,0.8582372683496279,0.9319160611875841
cv,LGBM,1,320,231,89,0.809375,0.8195488721804511,0.9437229437229437,0.8772635814889336,0.4838060876060541,0.8505520696531933,0.9255654434942858
cv,RF,1,320,231,89,0.79375,0.7935943060498221,0.9653679653679653,0.87109375,0.4296411993004908,0.8596478427939103,0.9335081885310672
cv,SVM,1,320,231,89,0.821875,0.8295454545454546,0.948051948051948,0.8848484848484849,0.5217392162628707,0.8375650566661803,0.9154789077132404
cv,GB,1,320,231,89,0.7875,0.8528138528138528,0.8528138528138528,0.8528138528138528,0.47079138090374045,0.8255508536407413,0.9115179752648003
cv,XGB,1,320,231,89,0.828125,0.8358778625954199,0.948051948051948,0.8884381338742393,0.5407560542743243,0.8519140035993968,0.9303545560786772
cv,MLP,1,320,231,89,0.81875,0.8559670781893004,0.9004329004329005,0.8776371308016878,0.5316304903716362,0.8335035750766088,0.9100552001924023
cv,Adaboost,1,320,231,89,0.759375,0.7916666666666666,0.9047619047619048,0.8444444444444444,0.33818979981155295,0.7672308964443797,0.8766457121137451
cv,LR,1,320,231,89,0.771875,0.7724137931034483,0.9696969696969697,0.8598848368522073,0.35068098935866876,0.7805097524198648,0.8931985676179293
cv,CatBoost,2,319,231,88,0.8213166144200627,0.8849557522123894,0.8658008658008658,0.87527352297593,0.5609062460235277,0.87482782369146,0.9409606998727844
cv,LGBM,2,319,231,88,0.8056426332288401,0.8535564853556485,0.8831168831168831,0.8680851063829788,0.5004882180089856,0.8661206218024401,0.9403705128203798
cv,RF,2,319,231,88,0.7962382445141066,0.8097014925373134,0.9393939393939394,0.8697394789579158,0.438848400078977,0.8792552144824872,0.952604711551915
cv,SVM,2,319,231,88,0.7962382445141066,0.82421875,0.9134199134199135,0.86652977412731,0.45138166639084853,0.8741391184573002,0.947754135901139
cv,GB,2,319,231,88,0.8369905956112853,0.8942731277533039,0.8787878787878788,0.8864628820960698,0.5979385301671004,0.8747294372294372,0.9413692221504335
cv,XGB,2,319,231,88,0.8307210031347962,0.8864628820960698,0.8787878787878788,0.8826086956521739,0.5793288068168996,0.8696625344352618,0.9401617487439158
cv,MLP,2,319,231,88,0.8087774294670846,0.8935185185185185,0.8354978354978355,0.8635346756152126,0.5488014562569542,0.8553473042109406,0.9316285539279585
cv,Adaboost,2,319,231,88,0.774294670846395,0.7933579335793358,0.9307359307359307,0.8565737051792829,0.36799252307908825,0.7698986619441165,0.8945829482661686
cv,LR,2,319,231,88,0.7899686520376176,0.8059701492537313,0.935064935064935,0.8657314629258517,0.41971065030109683,0.7949380165289256,0.8995506158990377
cv,CatBoost,3,319,230,89,0.8119122257053292,0.8483606557377049,0.9,0.8734177215189873,0.5121776698509534,0.8838055691255496,0.9553484472133253
cv,LGBM,3,319,230,89,0.799373040752351,0.8143939393939394,0.9347826086956522,0.8704453441295547,0.4562012778668791,0.8619687347337567,0.942808105086136
cv,RF,3,319,230,89,0.8181818181818182,0.8185185185185185,0.9608695652173913,0.884,0.5103742301437119,0.858646800195408,0.9420407375575792
cv,SVM,3,319,230,89,0.8150470219435737,0.8250950570342205,0.9434782608695652,0.8803245436105477,0.5029590778422646,0.8371519296531511,0.9293998652774151
cv,GB,3,319,230,89,0.7554858934169278,0.8166666666666667,0.8521739130434782,0.8340425531914893,0.3717664957328475,0.8272594040058623,0.9264102892258834
cv,XGB,3,319,230,89,0.8181818181818182,0.8412698412698413,0.9217391304347826,0.8796680497925311,0.5200439504118515,0.8653883732291158,0.9358095837978126
cv,MLP,3,319,230,89,0.786833855799373,0.8319672131147541,0.8826086956521739,0.8565400843881856,0.44625023045522894,0.8265510503175378,0.9227398327697984
cv,Adaboost,3,319,230,89,0.7335423197492164,0.7508650519031141,0.9434782608695652,0.8362235067437379,0.2066511094969178,0.7361748900830485,0.8789840459776131
cv,LR,3,319,230,89,0.7586206896551724,0.7647058823529411,0.9608695652173913,0.8516377649325626,0.30243273525720377,0.7578651685393258,0.8877826313099214
cv,CatBoost,4,319,230,89,0.8025078369905956,0.8223938223938224,0.9260869565217391,0.8711656441717791,0.4696821840600675,0.8621641426477773,0.9378961883618558
cv,LGBM,4,319,230,89,0.8181818181818182,0.8307692307692308,0.9391304347826087,0.8816326530612245,0.5137604255058433,0.8500977039570103,0.9274406855930658
cv,RF,4,319,230,89,0.799373040752351,0.8007246376811594,0.9608695652173913,0.8735177865612648,0.4503265497375725,0.8188812896922325,0.9089089066944036
cv,SVM,4,319,230,89,0.8087774294670846,0.8237547892720306,0.9347826086956522,0.8757637474541752,0.4859894505833143,0.843209574987787,0.9265672553535229
cv,GB,4,319,230,89,0.7492163009404389,0.7952755905511811,0.8782608695652174,0.8347107438016529,0.32735556286958045,0.7896433805569126,0.9032497714521149
cv,XGB,4,319,230,89,0.8150470219435737,0.8326848249027238,0.9304347826086956,0.8788501026694046,0.5069725630003752,0.8555691255495848,0.9304246549306212
cv,MLP,4,319,230,89,0.8244514106583072,0.8565573770491803,0.908695652173913,0.8818565400843882,0.5451413895488156,0.8278212017586712,0.9027164679837508
cv,Adaboost,4,319,230,89,0.7366771159874608,0.7534722222222222,0.9434782608695652,0.8378378378378378,0.22065676217509522,0.7136785539814363,0.863315963960148
cv,LR,4,319,230,89,0.7648902821316614,0.7758007117437722,0.9478260869565217,0.8532289628180039,0.3322419587695145,0.7610893991206644,0.8823769063878202
cv,CatBoost,5,319,230,89,0.8338557993730408,0.852589641434263,0.9304347826086956,0.8898128898128899,0.5636707818390723,0.8813873961895458,0.9464304734298901
cv,LGBM,5,319,230,89,0.8213166144200627,0.8215613382899628,0.9608695652173913,0.8857715430861723,0.5200443776911283,0.8839765510503176,0.9480687026356478
cv,RF,5,319,230,89,0.8150470219435737,0.8086642599277978,0.9739130434782609,0.883629191321499,0.5019425834204262,0.8858085002442599,0.9512311698853231
cv,SVM,5,319,230,89,0.8087774294670846,0.8366533864541833,0.9130434782608695,0.8731808731808732,0.495405413803133,0.861504640937958,0.9388067505910429
cv,GB,5,319,230,89,0.8213166144200627,0.8619246861924686,0.8956521739130435,0.8784648187633263,0.5430791559580838,0.8586223742061554,0.937968376588169
cv,XGB,5,319,230,89,0.8275862068965517,0.8514056224899599,0.9217391304347826,0.8851774530271399,0.5483631869753521,0.8782608695652174,0.9479348354792758
cv,MLP,5,319,230,89,0.7931034482758621,0.853448275862069,0.8608695652173913,0.8571428571428571,0.48222770521905284,0.8358085002442599,0.9204329491393105
cv,Adaboost,5,319,230,89,0.799373040752351,0.8051470588235294,0.9521739130434783,0.8725099601593626,0.4513256809979486,0.7785784074255008,0.8851106356230971
cv,LR,5,319,230,89,0.7586206896551724,0.776173285198556,0.9347826086956522,0.8481262327416174,0.3159011224082853,0.7885686370297998,0.9064492587792
